Model,Accuracy,ROC-AUC,Precision,Recall,F1-Score,MCC
Logistic Regression,0.9497826412831659,0.9915155871485803,0.9150812064965197,0.928436911487759,0.9217106800654359,0.8848003783911257
Decision Tree,0.9997001948733323,0.9996546324908665,0.9995291902071564,0.9995291902071564,0.9995291902071564,0.999309264981733
K-Nearest Neighbors,0.9878578923699596,0.998109875222462,0.9820670127418594,0.9797551789077212,0.9809097336790007,0.9720091257248733
Gaussian Naive Bayes,0.8761804826862539,0.9815509242864958,1.0,0.6111111111111112,0.7586206896551724,0.7191411609323632
Random Forest,0.9995502923099985,0.999995961824957,0.9995289684408856,0.9990583804143126,0.9992936190251942,0.9989638270777396
XGBoost,0.9998500974366662,0.9999809480972326,0.9995294117647059,1.0,0.9997646505060014,0.9996547354129356
